<?xml version="1.0"?>
<doc>
    <assembly>
        <name>VRage.Render</name>
    </assembly>
    <members>
        <member name="T:VRageRender.Animations.MyAnimationTreeNode">
            <summary>
            Interface representing one node in animation tree.
            </summary>
        </member>
        <member name="T:VRageRender.Animations.MyAnimationTreeNodeDummy">
            <summary>
            Node of animation tree: single track. Contains reference to animation clip.
            </summary>
        </member>
        <member name="T:VRageRender.Animations.MyAnimationTreeNodeMix1D">
            <summary>
            Mixing between animation nodes on 1D axis.
            </summary>
        </member>
        <member name="T:VRageRender.Animations.MyAnimationTreeNodeTrack">
            <summary>
            Node of animation tree: single track. Contains reference to animation clip.
            </summary>
        </member>
        <member name="M:VRageRender.Animations.MyAnimationTreeNodeTrack.ProcessLayerTimeSync(VRageRender.Animations.MyAnimationUpdateData@)">
            <summary>
            Synchronize time with defined layer. Returns false if the time is not synchronized.
            </summary>
        </member>
        <member name="T:VRageRender.Animations.MyAnimationVariableStorage">
            <summary>
            Key-value storage of float values, other types are implicitly converted.
            </summary>
        </member>
        <member name="T:VRageRender.Animations.MyAnimationVariableStorageHints">
            <summary>
            Variable storage - Hints for the user, common variable names, descriptions, string ids.
            </summary>
        </member>
        <member name="F:VRageRender.Animations.MyAnimationVariableStorageHints.MyVariableNameHint.Name">
            <summary>
            Variable name.
            </summary>
        </member>
        <member name="F:VRageRender.Animations.MyAnimationVariableStorageHints.MyVariableNameHint.Hint">
            <summary>
            Description of the variable.
            </summary>
        </member>
        <member name="T:VRageRender.Animations.ModelAnimations">
            <summary>
            Class that contains additional information attached to the model and
            shared with the runtime.
            </summary>
        </member>
        <member name="F:VRageRender.Animations.ModelAnimations.skeleton">
            <summary>
            The bone indices for the skeleton associated with any
            skinned model.
            </summary>
        </member>
        <member name="F:VRageRender.Animations.ModelAnimations.clips">
            <summary>
            Any associated animation clips
            </summary>
        </member>
        <member name="P:VRageRender.Animations.ModelAnimations.Skeleton">
            <summary>
            The bone indices for the skeleton associated with any
            skinned model.
            </summary>
        </member>
        <member name="P:VRageRender.Animations.ModelAnimations.Clips">
            <summary>
            Animation clips associated with this model
            </summary>
        </member>
        <member name="F:VRageRender.Animations.MyAnimatedProperty`1.KeyTypeName">
            <summary>
            Name of this key's type.
            </summary>
        </member>
        <member name="F:VRageRender.Animations.MyAnimatedProperty`1.IsBlittable">
            <summary>
            Whether the key type is blittable and can be left uninitialized or uncleared.
            </summary>
        </member>
        <member name="F:VRageRender.Animations.MyAnimatedProperty`1.KeysComparer">
            <summary>
            Comparer used when sorting the array elements.
            </summary>
        </member>
        <member name="M:VRageRender.Animations.MyAnimatedProperty`1.GetInterval(System.Single,System.ValueTuple{`0,`0}@,System.ValueTuple{System.Single,System.Single}@,System.Single@)">
            <summary>
            Get the interpolation values for the interval the contains <paramref name="time"/>.
            </summary>
            <param name="time"></param>
            <param name="values"></param>
            <param name="times"></param>
            <param name="difference"></param>
        </member>
        <member name="M:VRageRender.Animations.MyAnimatedProperty`1.GetUpperBoundary(System.Single)">
            <summary>
            Binary search for the index of the first key greater than the provided time index.
            </summary>
            <remarks>If the time value is greater than all keys in this property the length of the key list is returned.</remarks>
            <param name="time"></param>
            <returns></returns>
        </member>
        <member name="M:VRageRender.Animations.MyAnimatedProperty`1.GetKeyIndex(System.Int32)">
            <summary>
            Get the index of a key by it's id.
            </summary>
            <param name="keyId">The id of the key.</param>
            <returns></returns>
        </member>
        <member name="T:VRageRender.Animations.MyAnimationClip">
            <summary>
            An animation clip is a set of keyframes with associated bones.
            VRAGE TODO: Any link to actual animation collection? Or at least to rest pose? Please?
            </summary>
        </member>
        <member name="T:VRageRender.Animations.MyAnimationClip.BoneState">
            <summary>
            BoneState is a rotation and translation of the bone.
            It would be easy to extend this to include scaling as well.
            </summary>
        </member>
        <member name="T:VRageRender.Animations.MyAnimationClip.Keyframe">
            <summary>
            An Keyframe extends rotation and translation of the bone by specifying time of the event.
            </summary>
            Beware, this class is used also in MWM builder and changing it to struct may cause problems during MWM generation.
        </member>
        <member name="T:VRageRender.Animations.MyAnimationClip.Bone">
            <summary>
            Keyframes are grouped per bone for an animation clip
            </summary>
        </member>
        <member name="F:VRageRender.Animations.MyAnimationClip.Bone.m_name">
            <summary>
            Each bone has a name so we can associate it with a runtime model
            </summary>
        </member>
        <member name="F:VRageRender.Animations.MyAnimationClip.Bone.m_keyframes">
            <summary>
            The keyframes for this bone
            </summary>
        </member>
        <member name="P:VRageRender.Animations.MyAnimationClip.Bone.Name">
            <summary>
            The bone name for these keyframes
            </summary>
        </member>
        <member name="P:VRageRender.Animations.MyAnimationClip.Bone.Keyframes">
            <summary>
            The keyframes for this bone
            </summary>
        </member>
        <member name="F:VRageRender.Animations.MyAnimationClip.bones">
            <summary>
            The bones for this animation
            </summary>
        </member>
        <member name="F:VRageRender.Animations.MyAnimationClip.Name">
            <summary>
            Name of the animation clip
            </summary>
        </member>
        <member name="F:VRageRender.Animations.MyAnimationClip.Duration">
            <summary>
            Duration of the animation clip
            </summary>
        </member>
        <member name="P:VRageRender.Animations.MyAnimationClip.Bones">
            <summary>
            The bones for this animation clip with their keyframes
            </summary>
        </member>
        <member name="T:VRageRender.Animations.MyAnimationController">
            <summary>
            Animation controller contains and drives skeletal animations.
            It also serves as an abstraction layer, hiding low/level classes.
            </summary>
        </member>
        <member name="T:VRageRender.Animations.MyAnimationController.MyResultBonesPool">
            <summary>
            Simple pool allocator for bone results.
            </summary>
        </member>
        <member name="M:VRageRender.Animations.MyAnimationController.MyResultBonesPool.Reset(VRageRender.Animations.MyCharacterBone[])">
            <summary>
            Set the new bone count and default (rest) pose.
            </summary>
        </member>
        <member name="M:VRageRender.Animations.MyAnimationController.MyResultBonesPool.SetDefaultPose(System.Collections.Generic.List{VRageRender.Animations.MyAnimationClip.BoneState})">
            <summary>
            Set the link to default pose = default bone positions and rotations given when using this allocator.
            If null is given, rest pose is used.
            </summary>
        </member>
        <member name="M:VRageRender.Animations.MyAnimationController.MyResultBonesPool.Alloc">
            <summary>
            Allocate array of bones from pool. Bones are in the rest (bind) position by default.
            </summary>
            <returns></returns>
        </member>
        <member name="M:VRageRender.Animations.MyAnimationController.CreateLayer(System.String,System.Int32)">
            <summary>
            Create animation layer with unique name. Parameter insertionIndex can be left -1 to add the layer at the end.
            If layer with same name is already present, method fails and returns null.
            </summary>
        </member>
        <member name="M:VRageRender.Animations.MyAnimationController.Update(VRageRender.Animations.MyAnimationUpdateData@)">
            <summary>
            Update this animation controller.
            </summary>
            <param name="animationUpdateData">See commentary in MyAnimationUpdateData</param>
        </member>
        <member name="M:VRageRender.Animations.MyAnimationController.TriggerAction(VRage.Utils.MyStringId)">
            <summary>
            Trigger an action in all layers. 
            If there is a transition having given (non-null) name, it is followed immediatelly.
            Conditions of transition are ignored.
            </summary>
        </member>
        <member name="M:VRageRender.Animations.MyAnimationController.TriggerAction(VRage.Utils.MyStringId,System.String[])">
            <summary>
            Trigger an action in the specific layers. 
            If there is a transition having given (non-null) name, it is followed immediatelly.
            Conditions of transition are ignored.
            </summary>
        </member>
        <member name="M:VRageRender.Animations.MyAnimationController.UpdateInverseKinematics(VRageRender.Animations.MyCharacterBone[])">
            <summary>
            Perform inverse kinematics.
            </summary>
        </member>
        <member name="T:VRageRender.Animations.IMyTerrainHeightProvider">
            <summary>
            Interface providing terrain height in model space.
            </summary>
        </member>
        <member name="M:VRageRender.Animations.IMyTerrainHeightProvider.GetTerrainHeight(System.Int32,VRageMath.Vector3,VRageMath.Vector3,System.Single@,VRageMath.Vector3@)">
            <summary>
            Get terrain height in model space.
            </summary>
            <remarks>The <paramref name="key"/> can be used by the implementation to cache data about this query.
            A <paramref name="key"/> with value zero indicates that no caching should be performed.</remarks>
            <param name="key">Unique key for this query.</param>
            <param name="bonePosition">bone position in model space</param>
            <param name="boneRigPosition">bone rig position in model space</param>
            <param name="terrainHeight">terrain height in model space</param>
            <param name="terrainNormal">terrain normal in (character) model space</param>
            <returns>true if the intersection was found</returns>
        </member>
        <member name="M:VRageRender.Animations.IMyTerrainHeightProvider.GetReferenceTerrainHeight">
            <summary>
            Get reference terrain height - (flat terrain height) in model space.
            </summary>
        </member>
        <member name="T:VRageRender.Animations.MyAnimationIkChain">
            <summary>
            Tiny structure describing IK chain.
            </summary>
        </member>
        <member name="T:VRageRender.Animations.MyAnimationIkChainExt">
            <summary>
            Tiny structure describing IK chain + remembering last state.
            </summary>
        </member>
        <member name="M:VRageRender.Animations.MyAnimationIkChainExt.#ctor">
            <summary>
            Default constructor.
            </summary>
        </member>
        <member name="M:VRageRender.Animations.MyAnimationIkChainExt.#ctor(VRageRender.Animations.MyAnimationIkChain)">
            <summary>
            Copy constructor.
            </summary>
        </member>
        <member name="T:VRageRender.Animations.MyAnimationInverseKinematics">
            <summary>
            Class providing various IK solutions.
            Feet IK is 
            </summary>
        </member>
        <member name="F:VRageRender.Animations.MyAnimationInverseKinematics.m_feet">
            <summary>
            List of all feet bones.
            </summary>
        </member>
        <member name="F:VRageRender.Animations.MyAnimationInverseKinematics.m_ignoredBonesTable">
            <summary>
            List of all ignored bones (that should not move during IK!).
            </summary>
        </member>
        <member name="F:VRageRender.Animations.MyAnimationInverseKinematics.m_ignoredBoneNames">
            <summary>
            All ignored bones (that should not move during IK!). Names of ignored bones.
            </summary>
        </member>
        <member name="F:VRageRender.Animations.MyAnimationInverseKinematics.m_characterDirDownOffset">
            <summary>
            Character offset - used when the character is slightly above the terrain due to the capsule
            </summary>
        </member>
        <member name="F:VRageRender.Animations.MyAnimationInverseKinematics.m_characterDirDownOffsetMin">
            <summary>
            Maximum character offsets.
            </summary>
        </member>
        <member name="F:VRageRender.Animations.MyAnimationInverseKinematics.m_characterDirDownOffsetSmoothness">
            <summary>
            Character offset smoothing.
            </summary>
        </member>
        <member name="F:VRageRender.Animations.MyAnimationInverseKinematics.m_currentFeetIkInfluence">
            <summary>
            Current influence of the feet IK.
            </summary>
        </member>
        <member name="P:VRageRender.Animations.MyAnimationInverseKinematics.Feet">
            <summary>
            List of all feet bones.
            </summary>
        </member>
        <member name="P:VRageRender.Animations.MyAnimationInverseKinematics.TerrainHeightProvider">
            <summary>
            Interface providing results from raycasts.
            </summary>
        </member>
        <member name="M:VRageRender.Animations.MyAnimationInverseKinematics.ResetIkInfluence">
            <summary>
            Immediatelly reset the IK influence to zero.
            </summary>
        </member>
        <member name="M:VRageRender.Animations.MyAnimationInverseKinematics.SolveFeet(System.Boolean,VRageRender.Animations.MyCharacterBone[],System.Boolean,System.Single)">
            <summary>
            Solve feet positions. 
            </summary>
            <param name="enabled">Feet resolving is enabled - this is a parameter because of blending over time.</param>
            <param name="characterBones">Character bones storage.</param>
            <param name="allowMovingWithBody">If feet cannot reach, move the body</param>
        </member>
        <member name="M:VRageRender.Animations.MyAnimationInverseKinematics.SolveIkTwoBones(VRageRender.Animations.MyCharacterBone[],VRageRender.Animations.MyAnimationIkChainExt,VRageMath.Vector3@,VRageMath.Vector3@,System.Boolean)">
            <summary>
            Solve IK for chain of two bones + change rotation of end bone.
            </summary>
            <param name="characterBones">bone storage</param>
            <param name="ikChain">description of bone chain</param>
            <param name="finalPosition">desired position of end bone</param>
            <param name="finalNormal">desired normal of end bone - would be projected on plane first bone-second bone-third bone</param>
            <param name="fromBindPose">solve this starting from the bind pose</param>
            <returns>true on success</returns>
        </member>
        <member name="M:VRageRender.Animations.MyAnimationInverseKinematics.RegisterFootBone(System.String,System.Int32,System.Boolean)">
            <summary>
            Register foot IK bone chain.
            </summary>
        </member>
        <member name="M:VRageRender.Animations.MyAnimationInverseKinematics.RegisterIgnoredBone(System.String)">
            <summary>
            Register bone ignored by IK. IK will not move it.
            </summary>
        </member>
        <member name="T:VRageRender.Animations.MyAnimationStateMachine">
            <summary>
            Animation state machine selects the animation to match current state.
            When it finds valid transition to some next state, transition is performed automatically.
            </summary>
        </member>
        <member name="M:VRageRender.Animations.MyAnimationStateMachine.ComputeEaseInEaseOut(System.Single,VRageRender.Animations.MyAnimationTransitionCurve)">
            <summary>
            Computing transition weight from the normalized time.
            </summary>
            <param name="t">normalized remaining time of the animation that is being phased out, going from 1 to 0</param>
            <param name="curve">used transition curve</param>
            <returns>weight of the animation that is being phased out, 1 to 0</returns>
        </member>
        <member name="T:VRageRender.Animations.MyAnimationStateMachineNode">
            <summary>
            Animation state machine node is a representation of one state inside MyAnimationStateMachine.
            </summary>
        </member>
        <member name="T:VRageRender.Animations.MyAnimationTransitionCurve">
            <summary>
            Transition mixing curve type.
            </summary>
        </member>
        <member name="F:VRageRender.Animations.MyAnimationTransitionCurve.Smooth">
            <summary>
            Smooth transition (smooth step).
            </summary>
        </member>
        <member name="F:VRageRender.Animations.MyAnimationTransitionCurve.EaseIn">
            <summary>
            Ease in (cubic function).
            </summary>
        </member>
        <member name="T:VRageRender.Animations.MyAnimationStateMachineTransition">
            <summary>
            Description of transition to another state (MyAnimationStateMachineNode) in the state machine (MyAnimationStateMachine).
            </summary>
        </member>
        <member name="M:VRageRender.Animations.MyAnimationStateMachineTransition.Evaluate">
            <summary>
            Animation transition evaluation - different behavior from default transition. 
            If no conditions are given and it has a name, it must be triggered manually.
            
            </summary>
        </member>
        <member name="T:VRageRender.Animations.MyAnimationUpdateData">
            <summary>
            Helper structure passed as an parameter during computation of current pose.
            </summary>
        </member>
        <member name="T:VRageRender.Animations.MyCharacterBone">
            <summary>
            Bones in this model are represented by this class, which
            allows a bone to have more detail associatd with it.
            
            This class allows you to manipulate the local coordinate system
            for objects by changing the scaling, translation, and rotation.
            These are indepenent of the bind transformation originally supplied
            for the model. So, the actual transformation for a bone is
            the product of the:
            
            Scaling
            Bind scaling (scaling removed from the bind transform)
            Rotation
            Translation
            Bind Transformation
            Parent Absolute Transformation
            
            </summary>
        </member>
        <member name="F:VRageRender.Animations.MyCharacterBone.m_parent">
            <summary>
            Any parent for this bone
            </summary>
        </member>
        <member name="F:VRageRender.Animations.MyCharacterBone.m_bindTransform">
            <summary>
            The bind transform is the transform for this bone
            as loaded from the original model. It's the base pose.
            I do remove any scaling, though.
            </summary>
        </member>
        <member name="F:VRageRender.Animations.MyCharacterBone.m_translation">
            <summary>
            Any translation applied to the bone
            </summary>
        </member>
        <member name="F:VRageRender.Animations.MyCharacterBone.m_rotation">
            <summary>
            Any rotation applied to the bone
            </summary>
        </member>
        <member name="F:VRageRender.Animations.MyCharacterBone.m_changed">
            <summary>
            indicates whether bone needs recalculation
            </summary>
        </member>
        <member name="F:VRageRender.Animations.MyCharacterBone.Name">
            <summary>
            The bone name
            </summary>
        </member>
        <member name="P:VRageRender.Animations.MyCharacterBone.BindTransform">
            <summary>
            The bone bind transform
            </summary>
        </member>
        <member name="P:VRageRender.Animations.MyCharacterBone.SkinTransform">
            <summary>
            Inverse of absolute bind transform for skinnning
            </summary>
        </member>
        <member name="P:VRageRender.Animations.MyCharacterBone.Rotation">
            <summary>
            Bone rotation
            </summary>
        </member>
        <member name="P:VRageRender.Animations.MyCharacterBone.Translation">
            <summary>
            Any translations
            </summary>
        </member>
        <member name="P:VRageRender.Animations.MyCharacterBone.Parent">
            <summary>
            The parent bone or null for the root bone
            </summary>
        </member>
        <member name="P:VRageRender.Animations.MyCharacterBone.AbsoluteTransform">
            <summary>
            The bone absolute transform
            </summary>
        </member>
        <member name="P:VRageRender.Animations.MyCharacterBone.RelativeTransform">
            <summary>
            The bone absolute transform
            </summary>
        </member>
        <member name="P:VRageRender.Animations.MyCharacterBone.HasThisOrAnyParentChanged">
            <summary>
            Has this bone or any parent bone changed?
            </summary>
        </member>
        <member name="M:VRageRender.Animations.MyCharacterBone.#ctor(System.String,VRageRender.Animations.MyCharacterBone,VRageMath.Matrix,System.Int32,VRageMath.Matrix[],VRageMath.Matrix[])">
            <summary>
            Constructor for a bone object
            </summary>
            <param name="name">The name of the bone</param>
            <param name="bindTransform">The initial bind transform for the bone</param>
            <param name="parent">A parent for this bone</param>
            <param name="index">Index of this bone in storage arrays.</param>
            <param name="relativeStorage">reference to matrix array storing all relative transforms of the skeleton</param>
            <param name="absoluteStorage">reference to matrix array storing all absolute transforms of the skeleton</param>
        </member>
        <member name="M:VRageRender.Animations.MyCharacterBone.ComputeAbsoluteTransforms(VRageRender.Animations.MyCharacterBone[])">
            <summary>
            Compute absolute bone transforms for whole hierarchy.
            Expects the array to be sorted by depth in hiearachy.
            </summary>
        </member>
        <member name="M:VRageRender.Animations.MyCharacterBone.TranslateAllBones(VRageRender.Animations.MyCharacterBone[],VRageMath.Vector3)">
            <summary>
            Translate all bones. Translation vector is given in model space. 
            We expect that absolute transforms are already computed.
            </summary>
        </member>
        <member name="M:VRageRender.Animations.MyCharacterBone.ComputeAbsoluteTransform(System.Boolean,System.Boolean)">
            <summary>
            Compute the absolute transformation for this bone.
            </summary>
        </member>
        <member name="M:VRageRender.Animations.MyCharacterBone.SetCompleteTransform(VRageMath.Vector3@,VRageMath.Quaternion@,System.Single)">
            <summary>
            This sets the rotation and translation such that the
            rotation times the translation times the bind after set
            equals this matrix. This is used to set animation values.
            </summary>
        </member>
        <member name="M:VRageRender.Animations.MyCharacterBone.SetCompleteBindTransform">
            <summary>
            This sets the rotation and translation of the rest pose.
            </summary>
        </member>
        <member name="M:VRageRender.Animations.MyCharacterBone.SetCompleteTransform(VRageMath.Vector3@,VRageMath.Quaternion@)">
            <summary>
            This sets the rotation and translation such that the
            rotation times the translation times the bind after set
            equals this matrix. This is used to set animation values.
            </summary>
        </member>
        <member name="M:VRageRender.Animations.MyCharacterBone.SetCompleteTransformFromAbsoluteMatrix(VRageMath.Matrix@,System.Boolean)">
            <summary>
            Set the rotation and translation of the bone from absolute transform. Does not recompute hierarchy - call ComputeAbsoluteTransform.
            </summary>
            <param name="absoluteMatrix">absolute transform</param>
            <param name="onlyRotation">apply only rotation</param>
        </member>
        <member name="M:VRageRender.Animations.MyCharacterBone.SetCompleteTransformFromAbsoluteMatrix(VRageMath.Matrix,System.Boolean)">
            <summary>
            Set the rotation and translation of the bone from absolute transform. Does not recompute hierarchy - call ComputeAbsoluteTransform.
            </summary>
            <param name="absoluteMatrix">absolute transform</param>
            <param name="onlyRotation">apply only rotation</param>
        </member>
        <member name="M:VRageRender.Animations.MyCharacterBone.SetCompleteRotation(VRageMath.Quaternion@)">
            <summary>
            This adds the rotation and translation to the one that is already set inside.
            </summary>
        </member>
        <member name="M:VRageRender.Animations.MyCharacterBone.GetCompleteTransform(VRageMath.Vector3@,VRageMath.Quaternion@,VRageMath.Vector3@,VRageMath.Quaternion@)">
            <summary>
            Same as SetCompleteTransform, but result is not stored internally, it is returned instead.
            </summary>
        </member>
        <member name="M:VRageRender.Animations.MyCharacterBone.GetAbsoluteRigTransform">
            <summary>
            Returns bone's rig absolute transform - including transforms of all parent bones
            </summary>
            <returns></returns>
        </member>
        <member name="M:VRageRender.ExternalApp.MyGameRenderComponent.Start(VRage.Library.Utils.MyGameTimer,VRageRender.ExternalApp.InitHandler,System.Nullable{VRageRender.MyRenderDeviceSettings},System.Single)">
            <summary>
            Creates and starts render thread
            </summary>
        </member>
        <member name="M:VRageRender.ExternalApp.MyGameRenderComponent.Stop">
            <summary>
            Stops and clears render thread
            </summary>
        </member>
        <member name="T:VRageRender.ExternalApp.InitHandler">
            <summary>
            Initializes window on render thread and returns it's handle of window/control where to draw
            </summary>
        </member>
        <member name="M:VRageRender.ExternalApp.MyRenderThread.Exit">
            <summary>
            Signals the thread to exit and waits until it does so
            </summary>
        </member>
        <member name="T:VRageRender.Fractures.WoodFractureSettings.Rotation">
            How to rotate the splitting geometry
        </member>
        <member name="M:VRageRender.Import.ModelAutoRebuild.IsModelActual(System.String,System.String,System.String,System.String)">
            <summary>
            Checks whether that model file was build with current sources files. If current sources of this model - FBX, XML, HKT etc. were changed, this returns false.
            </summary>
            <param name="modelFile"></param>
            <returns>true - if data hashes of source files are valid </returns>
            <returns>false - if data has been changed</returns>
        </member>
        <member name="P:VRageRender.Import.MyMeshSectionMeshInfo.StartIndex">
            <summary>Offset in index list</summary>
        </member>
        <member name="P:VRageRender.Import.MyMeshSectionMeshInfo.IndexCount">
            <summary>Offset in index list</summary>
        </member>
        <member name="M:VRageRender.Import.MyLODDescriptor.GetModelAbsoluteFilePath(System.String)">
            <summary>
            Absolute file path to the LOD model related to the parent assetFilePath.
            </summary>
            <param name="parentAssetFilePath">File path of parent asset.</param>
            <returns>Absolute file path.</returns>
        </member>
        <member name="T:VRageRender.Import.MyMaterialDescriptor">
            <summary>
            material params for export
            </summary>
        </member>
        <member name="M:VRageRender.Import.MyMaterialDescriptor.#ctor(System.String)">
            <summary>
            c-tor
            </summary>
            <param name="materialName"></param>
        </member>
        <member name="M:VRageRender.Import.MyMaterialDescriptor.Write(System.IO.BinaryWriter)">
            <summary>
            Write to binary file
            </summary>
            <param name="writer"></param>
            <returns></returns>
        </member>
        <member name="F:VRageRender.Import.Mesh.VertexOffset">
            <summary>
            Offset on the vertex buffer
            </summary>
        </member>
        <member name="F:VRageRender.Import.Mesh.StartIndex">
            <summary>
            Offset on the indices buffer
            </summary>
        </member>
        <member name="M:VRageRender.Import.MyModelExporter.#ctor(System.String)">
            <summary>
            c-tor
            </summary>
            <param name="filePath"></param>
        </member>
        <member name="M:VRageRender.Import.MyModelExporter.#ctor">
            <summary>
            c-tor
            </summary>
            <param name="filePath"></param>
        </member>
        <member name="M:VRageRender.Import.MyModelExporter.Dispose">
            <summary>
            Close
            </summary>
        </member>
        <member name="M:VRageRender.Import.MyModelExporter.WriteTag(System.String)">
            <summary>
            WriteTag
            </summary>
            <param name="tagName"></param>
        </member>
        <member name="M:VRageRender.Import.MyModelExporter.WriteVector(VRageMath.Vector2)">
            <summary>
            WriteVector2
            </summary>
            <param name="vct"></param>
        </member>
        <member name="M:VRageRender.Import.MyModelExporter.WriteVector(VRageMath.Vector3)">
            <summary>
            WriteVector3
            </summary>
            <param name="vct"></param>
        </member>
        <member name="M:VRageRender.Import.MyModelExporter.WriteVector(VRageMath.Vector4)">
            <summary>
            WriteVector4
            </summary>
            <param name="vct"></param>
        </member>
        <member name="M:VRageRender.Import.MyModelExporter.WriteMatrix(VRageMath.Matrix)">
            <summary>
            WriteMatrix
            </summary>
            <param name="matrix"></param>
        </member>
        <member name="M:VRageRender.Import.MyModelExporter.WriteVector(VRageMath.Vector2I)">
            <summary>
            WriteVector2
            </summary>
            <param name="vct"></param>
        </member>
        <member name="M:VRageRender.Import.MyModelExporter.WriteVector(VRageMath.Vector3I)">
            <summary>
            WriteVector3
            </summary>
            <param name="vct"></param>
        </member>
        <member name="M:VRageRender.Import.MyModelExporter.WriteVector(VRageMath.Vector4I)">
            <summary>
            WriteVector4
            </summary>
            <param name="vct"></param>
        </member>
        <member name="M:VRageRender.Import.MyModelExporter.WriteByte4(VRageMath.PackedVector.Byte4)">
            <summary>
            Write Byte4
            </summary>
        </member>
        <member name="M:VRageRender.Import.MyModelExporter.ExportData(System.String,VRageMath.Vector3[])">
            <summary>
            ExportData
            </summary>
            <param name="tagName"></param>
            <param name="vctArray"></param>
            <returns></returns>
        </member>
        <member name="M:VRageRender.Import.MyModelExporter.ExportData(System.String,VRageMath.Matrix[])">
            <summary>
            ExportData
            </summary>
            <param name="tagName"></param>
            <param name="vctArray"></param>
            <returns></returns>
        </member>
        <member name="M:VRageRender.Import.MyModelExporter.ExportData(System.String,VRageMath.Vector2[])">
            <summary>
            ExportData
            </summary>
            <param name="tagName"></param>
            <param name="vctArray"></param>
            <returns></returns>
        </member>
        <member name="M:VRageRender.Import.MyModelExporter.ExportData(System.String,VRageMath.Vector4[])">
            <summary>
            ExportData
            </summary>
            <param name="tagName"></param>
            <param name="strArr"></param>
            <returns></returns>
        </member>
        <member name="M:VRageRender.Import.MyModelExporter.ExportData(System.String,System.String)">
            <summary>
            ExportData
            </summary>
            <param name="tagName"></param>
            <param name="strArr"></param>
            <returns></returns>
        </member>
        <member name="M:VRageRender.Import.MyModelExporter.ExportData(System.String,System.String[])">
            <summary>
            ExportData
            </summary>
            <param name="tagName"></param>
            <param name="strArr"></param>
            <returns></returns>
        </member>
        <member name="M:VRageRender.Import.MyModelExporter.ExportData(System.String,System.Int32[])">
            <summary>
            ExportData
            </summary>
            <param name="tagName"></param>
            <param name="strArr"></param>
            <returns></returns>
        </member>
        <member name="M:VRageRender.Import.MyModelExporter.ExportData(System.String,System.Byte[])">
            <summary>
            ExportData
            </summary>
            <param name="tagName"></param>
            <param name="strArr"></param>
            <returns></returns>
        </member>
        <member name="M:VRageRender.Import.MyModelExporter.ExportData(System.String,VRageRender.Import.MyModelInfo)">
            <summary>
            ExportData
            </summary>
            <param name="tagName"></param>
            <param name="strArr"></param>
            <returns></returns>
        </member>
        <member name="M:VRageRender.Import.MyModelExporter.ExportData(System.String,VRageMath.BoundingBox)">
            <summary>
            ExportData
            </summary>
            <param name="tagName"></param>
            <param name="strArr"></param>
            <returns></returns>
        </member>
        <member name="M:VRageRender.Import.MyModelExporter.ExportData(System.String,VRageMath.BoundingSphere)">
            <summary>
            ExportData
            </summary>
            <param name="tagName"></param>
            <param name="strArr"></param>
            <returns></returns>
        </member>
        <member name="M:VRageRender.Import.MyModelExporter.ExportData(System.String,System.Collections.Generic.Dictionary{System.String,VRageMath.Matrix})">
            <summary>
            ExportData
            </summary>
            <param name="tagName"></param>
            <param name="dict"></param>
            <returns></returns>
        </member>
        <member name="M:VRageRender.Import.MyModelExporter.ExportData(System.String,System.Collections.Generic.List{VRageRender.Import.MyMeshPartInfo})">
            <summary>
            ExportData
            </summary>
            <param name="tagName"></param>
            <param name="dict"></param>
            <returns></returns>
        </member>
        <member name="M:VRageRender.Import.MyModelExporter.ExportData(System.String,System.Collections.Generic.Dictionary{System.String,VRageRender.Import.MyModelDummy})">
            <summary>
            ExportData
            </summary>
            <param name="tagName"></param>
            <param name="dict"></param>
            <returns></returns>
        </member>
        <member name="M:VRageRender.Import.MyModelExporter.ExportFloat(System.String,System.Single)">
            <summary>
            ExportFloat
            </summary>
            <param name="tagName"></param>
            <param name="value"></param>
            <returns></returns>
        </member>
        <member name="M:VRageRender.Import.MyModelExporter.ExportBool(System.String,System.Boolean)">
            <summary>
            ExportFloat
            </summary>
            <param name="tagName"></param>
            <param name="value"></param>
            <returns></returns>
        </member>
        <member name="M:VRageRender.Import.MyModelExporter.WriteQuaternion(VRageMath.Quaternion)">
            <summary>
            WriteQuaternion
            </summary>
            <param name="vct"></param>
        </member>
        <member name="M:VRageRender.Import.MyModelImporter.ReadVector3(System.IO.BinaryReader)">
            <summary>
            Read Vector34
            </summary>
        </member>
        <member name="M:VRageRender.Import.MyModelImporter.ReadHalfVector4(System.IO.BinaryReader)">
            <summary>
            Read HalfVector4
            </summary>
        </member>
        <member name="M:VRageRender.Import.MyModelImporter.ReadHalfVector2(System.IO.BinaryReader)">
            <summary>
            Read HalfVector2
            </summary>
        </member>
        <member name="M:VRageRender.Import.MyModelImporter.ReadByte4(System.IO.BinaryReader)">
            <summary>
            Read Byte4
            </summary>
        </member>
        <member name="M:VRageRender.Import.MyModelImporter.ImportVector3(System.IO.BinaryReader)">
            <summary>
            ImportVector3
            </summary>
            <param name="reader"></param>
            <returns></returns>
        </member>
        <member name="M:VRageRender.Import.MyModelImporter.ImportVector4(System.IO.BinaryReader)">
            <summary>
            ImportVector4
            </summary>
            <param name="reader"></param>
            <returns></returns>
        </member>
        <member name="M:VRageRender.Import.MyModelImporter.ImportQuaternion(System.IO.BinaryReader)">
            <summary>
            ImportQuaternion
            </summary>
            <param name="reader"></param>
            <returns></returns>
        </member>
        <member name="M:VRageRender.Import.MyModelImporter.ImportVector4Int(System.IO.BinaryReader)">
            <summary>
            ImportVector4Int
            </summary>
            <param name="reader"></param>
            <returns></returns>
        </member>
        <member name="M:VRageRender.Import.MyModelImporter.ImportVector3Int(System.IO.BinaryReader)">
            <summary>
            ImportVector3Int
            </summary>
            <param name="reader"></param>
            <returns></returns>
        </member>
        <member name="M:VRageRender.Import.MyModelImporter.ImportVector2(System.IO.BinaryReader)">
            <summary>
            ImportVector2
            </summary>
            <param name="reader"></param>
            <returns></returns>
        </member>
        <member name="M:VRageRender.Import.MyModelImporter.ReadArrayOfHalfVector4(System.IO.BinaryReader)">
            <summary>
            Read array of HalfVector4
            </summary>
        </member>
        <member name="M:VRageRender.Import.MyModelImporter.ReadArrayOfByte4(System.IO.BinaryReader)">
            <summary>
            Read array of Byte4
            </summary>
        </member>
        <member name="M:VRageRender.Import.MyModelImporter.ReadArrayOfHalfVector2(System.IO.BinaryReader)">
            <summary>
            Read array of HalfVector2
            </summary>
        </member>
        <member name="M:VRageRender.Import.MyModelImporter.ReadArrayOfVector3(System.IO.BinaryReader)">
            <summary>
            ReadArrayOfVector3
            </summary>
            <param name="br"></param>
            <returns></returns>
        </member>
        <member name="M:VRageRender.Import.MyModelImporter.ReadArrayOfVector4(System.IO.BinaryReader)">
            <summary>
            ReadArrayOfVector4
            </summary>
            <param name="br"></param>
            <returns></returns>
        </member>
        <member name="M:VRageRender.Import.MyModelImporter.ReadArrayOfVector4Int(System.IO.BinaryReader)">
            <summary>
            ReadArrayOfVector4
            </summary>
            <param name="br"></param>
            <returns></returns>
        </member>
        <member name="M:VRageRender.Import.MyModelImporter.ReadArrayOfVector3Int(System.IO.BinaryReader)">
            <summary>
            ReadArrayOfVector3I
            </summary>
            <param name="br"></param>
            <returns></returns>
        </member>
        <member name="M:VRageRender.Import.MyModelImporter.ReadArrayOfVector2(System.IO.BinaryReader)">
            <summary>
            ReadArrayOfVector2
            </summary>
            <param name="br"></param>
            <returns></returns>
        </member>
        <member name="M:VRageRender.Import.MyModelImporter.ReadArrayOfString(System.IO.BinaryReader)">
            <summary>
            ReadArrayOfString
            </summary>
            <param name="reader"></param>
            <returns></returns>
        </member>
        <member name="M:VRageRender.Import.MyModelImporter.ReadBoundingBox(System.IO.BinaryReader)">
            <summary>
            ReadBoundingBox
            </summary>
            <param name="reader"></param>
            <returns></returns>
        </member>
        <member name="M:VRageRender.Import.MyModelImporter.ReadBoundingSphere(System.IO.BinaryReader)">
            <summary>
            ReadBoundingSphere
            </summary>
            <param name="reader"></param>
            <returns></returns>
        </member>
        <member name="M:VRageRender.Import.MyModelImporter.ReadMatrix(System.IO.BinaryReader)">
            <summary>
            ReadMatrix
            </summary>
            <param name="reader"></param>
            <returns></returns>
        </member>
        <member name="M:VRageRender.Import.MyModelImporter.ReadMeshParts(System.IO.BinaryReader,System.Int32)">
            <summary>
            ReadMeshParts
            </summary>
            <param name="reader"></param>
            <returns></returns>
        </member>
        <member name="M:VRageRender.Import.MyModelImporter.ReadDummies(System.IO.BinaryReader)">
            <summary>
            ReadDummies
            </summary>
            <param name="reader"></param>
            <returns></returns>
        </member>
        <member name="M:VRageRender.Import.MyModelImporter.ReadArrayOfInt(System.IO.BinaryReader)">
            <summary>
            ReadArrayOfInt
            </summary>
            <param name="reader"></param>
            <returns></returns>
        </member>
        <member name="M:VRageRender.Import.MyModelImporter.LinearKeyframeReduction(System.Collections.Generic.LinkedList{VRageRender.Animations.MyAnimationClip.Keyframe},System.Single,System.Single)">
            <summary>
            This function filters out keyframes that can be approximated well with 
            linear interpolation.
            </summary>
            <param name="keyframes"></param>
        </member>
        <member name="P:VRageRender.IMyRender.IsSupported">
            <summary>
            Must be possible to query during startup before render thread and window is created.
            </summary>
        </member>
        <member name="P:VRageRender.Messages.MyRenderMessageBase.MessageClass">
            <summary>
            Get message class
            </summary>
        </member>
        <member name="P:VRageRender.Messages.MyRenderMessageBase.MessageType">
            <summary>
            Gets message type
            </summary>
        </member>
        <member name="P:VRageRender.Messages.MySpriteDrawRenderMessage.MessageClass">
            <summary>If it has a target offscreen texture, then the message has to be processed earlier</summary>
        </member>
        <member name="F:VRageRender.Messages.MyGeneratedTextureType.RGBA">
            <summary>sRGB</summary>
        </member>
        <member name="F:VRageRender.Messages.MyGeneratedTextureType.RGBA_Linear">
            <summary>Linear RGB</summary>
        </member>
        <member name="T:VRageRender.Messages.MyRenderMessageUpdateRenderInstanceBufferRange">
            This is kinda your universal array operator splice().
            
            The only thing is we cannot move elements with this.
        </member>
        <member name="T:VRageRender.Messages.MyRenderMessageDrawCommands">
            <summary>
            Render message representing a repeatable command list.
            </summary>
        </member>
        <member name="M:VRageRender.Messages.MyRenderMessageDrawCommands.Close">
            <inheritdoc />
        </member>
        <member name="P:VRageRender.Messages.MyRenderMessageDrawCommands.MessageClass">
            <inheritdoc />
        </member>
        <member name="P:VRageRender.Messages.MyRenderMessageDrawCommands.MessageType">
            <inheritdoc />
        </member>
        <member name="F:VRageRender.Messages.MyRenderMessageSetCameraViewMatrix.Smooth">
            <summary>
            Whether this camera movement is part of smooth camera motion, as opposed to a sharp camera cut.
            </summary>
        </member>
        <member name="F:VRageRender.Messages.MyRenderMessageSetInstanceBuffer.InstanceData">
            <summary>
            Fill in only the relevant data. Data ouside of the specified range would not be used.
            </summary>
        </member>
        <member name="T:VRageRender.Messages.MyRenderMessageSwitchRenderSettings">
            <summary>
            1 at the end is naming convention from DX, saying this is newer version (for Dx11 render).
            </summary>
        </member>
        <member name="F:VRageRender.Messages.MyRenderMessageType.Draw">
            <summary>
            Draw message
            Skipped when renderer is falling behind and has to process multiple enqueued frames (only handled in last frame before draw)
            Draw sprite, Draw light
            </summary>
        </member>
        <member name="F:VRageRender.Messages.MyRenderMessageType.DebugDraw">
            <summary>
            Debug Draw message, in render11 these messages are queued internally
            Skipped when renderer is falling behind and has to process multiple enqueued frames (only handled in last frame before draw)
            Draw sprite, debug draw...
            </summary>
        </member>
        <member name="F:VRageRender.Messages.MyRenderMessageType.StateChangeOnce">
            <summary>
            State change which can be applied only once, not applied when rendering same frame second time or more
            Add render object, remove render object...
            </summary>
        </member>
        <member name="F:VRageRender.Messages.MyRenderMessageType.StateChangeEvery">
            <summary>
            State change which must be applied every time, even when drawing same frame multiple times
            Move render object, other interpolation messages
            </summary>
        </member>
        <member name="T:VRageRender.Messages.MyRenderMessageUpdateRenderEnvironment">
            <summary>
            The difference between environment and RenderSettings is that environment are game play values,
            on the other hand render settings are render internal/debugging values
            </summary>
        </member>
        <member name="M:VRageRender.Models.MyMesh.#ctor(VRageRender.Import.MyMeshPartInfo,System.String)">
            <summary>
            c-tor - generic way for collecting resources
            </summary>
            <param name="meshInfo"></param>
            assetName - just for debug output
        </member>
        <member name="P:VRageRender.MyDecalMaterial.Rotation">
            <summary>
            Positive infinity for random rotation
            </summary>
        </member>
        <member name="F:VRageRender.MyEnvironmentLightData.SunLightDirection">
            <summary>Direction FROM sun</summary>
        </member>
        <member name="F:VRageRender.MyFont.REPLACEMENT_CHARACTER">
            <summary>
            Replacement character shown when we don't have something in our texture.
            Normally, this would be \uFFFD, but BMFontGen refuses to generate it, so I put its glyph at \u25A1 (empty square)
            </summary>
        </member>
        <member name="F:VRageRender.MyFont.Spacing">
            <summary>
            This is artificial spacing in between two characters (in pixels).
            Using it we can make spaces wider or narrower
            </summary>
        </member>
        <member name="F:VRageRender.MyFont.KernEnabled">
            <summary>
            Enable / disable kerning of adjacent character pairs.
            </summary>
        </member>
        <member name="P:VRageRender.MyFont.Baseline">
            <summary>
            Distance from top of font to the baseline
            </summary>
        </member>
        <member name="P:VRageRender.MyFont.LineHeight">
            <summary>
            Distance from top to bottom of the font
            </summary>
        </member>
        <member name="F:VRageRender.MyFont.Depth">
            <summary>
            The depth at which to draw the font
            </summary>
        </member>
        <member name="M:VRageRender.MyFont.#ctor(System.String,System.Int32,System.Boolean)">
            <summary>
            Create a new font from the info in the specified font descriptor (XML) file
            </summary>
        </member>
        <member name="M:VRageRender.MyFont.LoadFontXML(System.Xml.XmlNodeList)">
            <summary>
            Load the font data from an XML font descriptor file
            </summary>
            <param name="xnl">XML node list containing the entire font descriptor file</param>
        </member>
        <member name="M:VRageRender.MyFont.LoadFontXML_font(System.Xml.XmlNodeList)">
            <summary>
            Load the data from the "font" node
            </summary>
            <param name="xnl">XML node list containing the "font" node's children</param>
        </member>
        <member name="M:VRageRender.MyFont.LoadFontXML_bitmaps(System.Xml.XmlNodeList)">
            <summary>
            Load the data from the "bitmaps" node
            </summary>
            <param name="xnl">XML node list containing the "bitmaps" node's children</param>
        </member>
        <member name="M:VRageRender.MyFont.LoadFontXML_glyphs(System.Xml.XmlNodeList)">
            <summary>
            Load the data from the "glyphs" node
            </summary>
            <param name="xnl">XML node list containing the "glyphs" node's children</param>
        </member>
        <member name="M:VRageRender.MyFont.LoadFontXML_kernpairs(System.Xml.XmlNodeList)">
            <summary>
            Load the data from the "kernpairs" node
            </summary>
            <param name="xnl">XML node list containing the "kernpairs" node's children</param>
        </member>
        <member name="M:VRageRender.MyFont.GetXMLAttribute(System.Xml.XmlNode,System.String)">
            <summary>
            Get the XML attribute value
            </summary>
            <param name="n">XML node</param>
            <param name="strAttr">Attribute name</param>
            <returns>Attribute value, or the empty string if the attribute doesn't exist</returns>
        </member>
        <member name="T:VRageRender.MyFont.MyGlyphInfo">
            <summary>
             Info for each glyph in the font - where to find the glyph image and other properties
            </summary>
        </member>
        <member name="T:VRageRender.MyFont.MyBitmapInfo">
            <summary>
            Info for each font bitmap
            </summary>
        </member>
        <member name="T:VRageRender.MyMessagePool">
            <summary>
            TODO: This should use some better sync, it could introduce delays with current state
            1) Use spin lock
            2) Lock only queue, not whole dictionary
            3) Test count first and when it's insufficient, create new message, both should be safe to do out of any lock
            4) Custom consumer/producer non-locking (except resize) queue could be better (maybe overkill)
            </summary>
        </member>
        <member name="T:VRageRender.RenderFlags">
            <summary>
            Entity flags.
            </summary>
        </member>
        <member name="F:VRageRender.RenderFlags.SkipIfTooSmall">
            <summary>
            Skip the object in render if detected that it is too small
            </summary>
        </member>
        <member name="F:VRageRender.RenderFlags.NeedsResolveCastShadow">
            <summary>
            Needs resolve cast shadows flag (done by parallel raycast to sun)
            </summary>
        </member>
        <member name="F:VRageRender.RenderFlags.FastCastShadowResolve">
            <summary>
            Casts only one raycast to determine shadow casting
            </summary>
        </member>
        <member name="F:VRageRender.RenderFlags.CastShadows">
            <summary>
            Tells if this object should cast shadows
            </summary>
        </member>
        <member name="F:VRageRender.RenderFlags.Visible">
            <summary>
            Specifies whether draw this entity or not.
            </summary>
        </member>
        <member name="F:VRageRender.RenderFlags.DrawOutsideViewDistance">
            <summary>
            Specifies whether this entity should be drawn even when it is outside the set view distance
            </summary>
        </member>
        <member name="F:VRageRender.RenderFlags.Near">
            <summary>
            Specifies whether entity is "near", near entities are cockpit and weapons, these entities are rendered in special way
            </summary>
        </member>
        <member name="F:VRageRender.RenderFlags.UseCustomDrawMatrix">
            <summary>
            Tells if this object should use PlayerHeadMatrix as matrix for draw
            </summary>
        </member>
        <member name="F:VRageRender.RenderFlags.ShadowLodBox">
            <summary>
            Use local AABB box for shadow LOD, not used
            </summary>
        </member>
        <member name="F:VRageRender.RenderFlags.NoBackFaceCulling">
            <summary>
            No culling of back faces
            </summary>
        </member>
        <member name="T:VRageRender.LightTypeEnum">
            <summary>
            Light type, flags, could be combined
            </summary>
        </member>
        <member name="F:VRageRender.Lights.MyGlareTypeEnum.Normal">
            <summary>
            This is the glare that is dependent on occlusion queries.
            Physically, this phenomenon originates in the lens.
            </summary>
        </member>
        <member name="F:VRageRender.Lights.MyGlareTypeEnum.Distant">
            <summary>
            Sun
            </summary>
        </member>
        <member name="T:VRageRender.Textures.TextureQuality">
            <summary>
            Reresent loading quality for textures.
            This works only for dds textures with mipmaps. Other textures will retains their original properties.
            </summary>
        </member>
        <member name="F:VRageRender.Textures.TextureQuality.Full">
            <summary>
            Full quality.
            </summary>
        </member>
        <member name="F:VRageRender.Textures.TextureQuality.Half">
            <summary>
            1/2 quality.
            </summary>
        </member>
        <member name="F:VRageRender.Textures.TextureQuality.OneFourth">
            <summary>
            1/4 quality
            </summary>
        </member>
        <member name="F:VRageRender.Textures.TextureQuality.OneEighth">
            <summary>
            1/8 quality
            </summary>
        </member>
        <member name="F:VRageRender.Textures.TextureQuality.OneSixteenth">
            <summary>
            1/16 quality
            </summary>
        </member>
        <member name="M:VRageRender.MyRenderProxy.DrawSprite(System.String,VRageMath.RectangleF@,System.Nullable{VRageMath.Rectangle},VRageMath.Color,System.Single,System.Boolean,System.Boolean,System.String,System.String,System.Single)">
            <summary>
            
            </summary>
            <param name="texture">Texture name (path).</param>
            <param name="destination">Screen coord destination.</param>
            <param name="sourceRectangle">Source rectangle in texture coordinates</param>
            <param name="color"></param>
            <param name="rotation">NOT USED</param>
            <param name="waitTillLoaded"></param>
            <param name="targetTexture">NOT USED</param>
            <param name="maskTexture"></param>
            <param name="rotSpeed"></param>
        </member>
        <member name="M:VRageRender.MyRenderProxy.IsValidGeneratedTextureName(System.String)">
            <returns>True if the texture name is valid and doesn't contant reserved characters</returns>
        </member>
        <member name="M:VRageRender.MyRenderProxy.CreateGeneratedTexture(System.String,System.Int32,System.Int32,VRageRender.Messages.MyGeneratedTextureType,System.Int32,System.Byte[],System.Boolean,System.Boolean)">
            <returns>Qualified texture</returns>
        </member>
        <member name="M:VRageRender.MyRenderProxy.PreloadModels(System.Collections.Generic.List{System.String},System.Boolean)">
            <summary>
            Implements message to render to preload models with higher priority than the others
            </summary>
            <param name="models"></param>
        </member>
        <member name="M:VRageRender.MyRenderProxy.CreateRenderInstanceBuffer(System.String,VRageRender.Messages.MyRenderInstanceBufferType,System.UInt32)">
            <param name="parentId">Parent of the instance. Currently used for debugging. May be left unassingned</param>
        </member>
        <member name="M:VRageRender.MyRenderProxy.RenderVoxelCreate(System.String,VRageMath.MatrixD,VRageRender.Voxels.IMyLodController,VRageRender.RenderFlags,System.Single)">
            <summary>
            Create a new render entity for voxel meshes.
            </summary>
            <param name="debugName">Debug name of this object.</param>
            <param name="worldMatrix">World matrix of the created object, scale not allowed.</param>
            <param name="scale">Scale of the voxel entity.</param>
            <param name="clipmap">The clipmap that will control rendering for this voxel entity.</param>
            <param name="flags">Additional flags for the voxel entity.</param>
            <returns>The id for the new render entity.</returns>
        </member>
        <member name="M:VRageRender.MyRenderProxy.UpdateModelHighlight(System.UInt32,System.String[],System.UInt32[],System.Nullable{VRageMath.Color},System.Single,System.Single,System.Int32)">
            <param name="thickness">Zero or negative to remove highlight</param>
        </member>
        <member name="M:VRageRender.MyRenderProxy.UpdateHighlightOverlappingModel(System.UInt32,System.Boolean)">
            <summary>
            Makes the actor of given RenderId overlap highlights.
            If possible use MyHighlightSystem session component instead.
            </summary>
            <param name="modelRenderId">Actor Id.</param>
            <param name="enable">Enable flag.</param>
        </member>
        <member name="M:VRageRender.MyRenderProxy.ChangeModel(System.UInt32,System.String,System.Single)">
            <summary>
            New model should have similar size to previous model because of prunning structure recalculation
            </summary>
            <param name="id"></param>
            <param name="LOD"></param>
            <param name="model"></param>
            <param name="useForShadow"></param>
        </member>
        <member name="M:VRageRender.MyRenderProxy.RenderOffscreenTexture(System.String,System.Nullable{VRageMath.Vector2},System.Nullable{VRageMath.Color})">
            <param name="backgroundColor">null means no background</param>
            <param name="blendAlphaChannel">Blend alpha channel</param>
        </member>
        <member name="M:VRageRender.MyRenderProxy.SetFrameTimeStep(System.Single)">
            <param name="timestep">Greter than zero: fixed timestep in seconds. If timestep is zero, the time step is computed</param>
        </member>
        <member name="M:VRageRender.MyRenderProxy.UpdateLodImmediately(System.UInt32)">
            <summary>
            Request that the level of detail for a given actor be updated instantaneously, instead of cross fading models.
            
            This request remains until the next lod update and is then discarded.
            </summary>
            <param name="actor"></param>
        </member>
        <member name="F:VRageRender.MyRenderProxy.m_recordedMessages">
            <summary>
            Per thread message recording.
            </summary>
        </member>
        <member name="M:VRageRender.MyRenderProxy.BeginRecordingDeferredMessages">
            <summary>
            Start recording deferred messages for the current thread.
            </summary>
        </member>
        <member name="M:VRageRender.MyRenderProxy.FinishRecordingDeferredMessages">
            <summary>
            Start recording deferred messages for the current thread.
            </summary>
        </member>
        <member name="M:VRageRender.MyRenderProxy.ExecuteCommands(VRageRender.Messages.MyRenderMessageDrawCommands,System.Boolean)">
            <summary>
            Enqueue a list of pre-recorded render messages.
            </summary>
            <param name="commands"></param>
        </member>
        <member name="M:VRageRender.MyRenderProxy.DisposeCommandList(VRageRender.Messages.MyRenderMessageDrawCommands@)">
            <summary>
            Dispose a set of pre-recorded render messages.
            </summary>
            <param name="commands"></param>
        </member>
        <member name="M:VRageRender.MyRenderProxy.DisposeMessages(System.Collections.Generic.List{VRageRender.Messages.MyRenderMessageBase})">
            <summary>
            Dispose a set oif pre-recorded render messages.
            </summary>
            <param name="messageList"></param>
        </member>
        <member name="T:VRageRender.MySharedData">
            <summary>
            Data shared between render and update
            </summary>
        </member>
        <member name="M:VRageRender.MySharedData.BeforeUpdate">
            <summary>
            Refresh data from render (visible objects, render messages)
            </summary>
        </member>
        <member name="M:VRageRender.MyUpdateData.CommitUpdateFrame">
            <summary>
            Commits current frame as atomic operation and prepares new frame
            </summary>
        </member>
        <member name="M:VRageRender.MyUpdateData.GetRenderFrame(System.Boolean@)">
            <summary>
            Gets next frame for rendering, can return null in case there's nothing for rendering (no update frame submitted).
            When isPreFrame is true, don't handle draw messages, just process update messages and call method again.
            Pre frame must release messages and must be returned.
            Final frame is kept unmodified in queue, in case of slower update, so we can interpolate and draw frame again.
            </summary>
        </member>
        <member name="M:VRageRender.MyUpdateData.ReturnPreFrame(VRageRender.MyUpdateFrame)">
            <summary>
            PreFrame must be empty in this place
            </summary>
        </member>
        <member name="T:VRageRender.MyUpdateFrame">
            <summary>
            Contains data produced by update frame, sent to render in thread-safe manner
            </summary>
        </member>
        <member name="P:VRageRender.Profiler.MyRenderProfilerRendering.ViewportSize">
            <summary>
            Returns viewport size in pixels
            </summary>
        </member>
        <member name="T:VRageRender.SpriteEffects">
            <summary>
            Defines sprite mirroring options.
            </summary>
            <remarks>
            Description is taken from original XNA <a href='http://msdn.microsoft.com/en-us/library/VRageMath.graphics.spriteeffects.aspx'>SpriteEffects</a> class.
            </remarks>
        </member>
        <member name="F:VRageRender.SpriteEffects.None">
            <summary>
            No rotations specified.
            </summary>
        </member>
        <member name="F:VRageRender.SpriteEffects.FlipHorizontally">
            <summary>
            Rotate 180 degrees around the Y axis before rendering.
            </summary>
        </member>
        <member name="F:VRageRender.SpriteEffects.FlipVertically">
            <summary>
            Rotate 180 degrees around the X axis before rendering.
            </summary>
        </member>
        <member name="F:VRageRender.SpriteEffects.FlipBoth">
            <summary>
            Rotate 180 degress around both the X and Y axis before rendering.
            </summary>
        </member>
        <member name="T:VRageRender.SpriteScissorStack">
            <summary>
            Stores stack of scissor rectangles where top rectangle has already
            been cut using all the rectangles below it, so that only one
            rectangle is checked during scissor test.
            </summary>
        </member>
        <member name="M:VRageRender.SpriteScissorStack.Cut(VRageMath.RectangleF@,VRageMath.RectangleF@)">
            <summary>
            Cuts the destination rectangle using top of the scissor stack.
            Source rectangle is modified using scaled change of destination
            as well.
            </summary>
        </member>
        <member name="T:VRageRender.Utils.MyRenderStats">
            <summary>
            Draws statistics
            </summary>
        </member>
        <member name="P:VRageRender.Utils.MyWingedEdgeMesh.EdgeTableEntry.NextFreeEntry">
            <summary>
            Only valid for empty (deallocated) table entries. In that case, it points to the next free table entry.
            If this is -1, this entry is the last free entry.
            </summary>
        </member>
        <member name="M:VRageRender.Utils.MyWingedEdgeMesh.EdgeTableEntry.TryGetSharedVertex(VRageRender.Utils.MyWingedEdgeMesh.EdgeTableEntry@)">
            <summary>
            Returns -1 if there is no shared edge
            </summary>
        </member>
        <member name="M:VRageRender.Utils.MyWingedEdgeMesh.EdgeTableEntry.VertexLeftFace(System.Int32)">
            <summary>
            Returns a face to the left when going towards the given vertex
            </summary>
        </member>
        <member name="M:VRageRender.Utils.MyWingedEdgeMesh.EdgeTableEntry.VertexRightFace(System.Int32)">
            <summary>
            Returns a face to the right when going towards the given vertex
            </summary>
        </member>
        <member name="M:VRageRender.Utils.MyWingedEdgeMesh.EdgeTableEntry.FaceSucc(System.Int32)">
            <summary>
            Returns the successor of this edge in the given face
            </summary>
        </member>
        <member name="M:VRageRender.Utils.MyWingedEdgeMesh.EdgeTableEntry.SetFaceSucc(System.Int32,System.Int32)">
            <summary>
            Sets the successor of this edge in the given face
            </summary>
        </member>
        <member name="M:VRageRender.Utils.MyWingedEdgeMesh.EdgeTableEntry.FacePred(System.Int32)">
            <summary>
            Returns the predecessor of this edge in the given face
            </summary>
        </member>
        <member name="M:VRageRender.Utils.MyWingedEdgeMesh.EdgeTableEntry.SetFacePred(System.Int32,System.Int32)">
            <summary>
            Sets the predecessor of this edge in the given face
            </summary>
        </member>
        <member name="M:VRageRender.Utils.MyWingedEdgeMesh.EdgeTableEntry.VertexSucc(System.Int32)">
            <summary>
            Gets the successor around the given vertex.
            </summary>
        </member>
        <member name="M:VRageRender.Utils.MyWingedEdgeMesh.EdgeTableEntry.SetVertexSucc(System.Int32,System.Int32)">
            <summary>
            Sets the successor around the given vertex.
            </summary>
            <returns>The old successor value</returns>
        </member>
        <member name="M:VRageRender.Utils.MyWingedEdgeMesh.EdgeTableEntry.VertexPred(System.Int32)">
            <summary>
            Gets the predecessor around the given vertex
            </summary>
        </member>
        <member name="M:VRageRender.Utils.MyWingedEdgeMesh.EdgeTableEntry.SetVertexPred(System.Int32,System.Int32)">
            <summary>
            Sets the predecessor around the given vertex.
            </summary>
            <returns>The old predecessor value</returns>
        </member>
        <member name="P:VRageRender.Utils.MyWingedEdgeMesh.VertexTableEntry.NextFreeEntry">
            <summary>
            Only valid for empty (deallocated) table entries. In that case, it points to the next free table entry.
            If this is -1, this entry is the last free entry.
            </summary>
        </member>
        <member name="P:VRageRender.Utils.MyWingedEdgeMesh.FaceTableEntry.NextFreeEntry">
            <summary>
            Only valid for empty (deallocated) table entries. In that case, it points to the next free table entry.
            If this is -1, this entry is the last free entry.
            </summary>
        </member>
        <member name="T:VRageRender.Utils.MyWingedEdgeMesh.Edge">
            <summary>
            Note: This is invalid after the mesh changes!
            </summary>
        </member>
        <member name="T:VRageRender.Utils.MyWingedEdgeMesh.Face">
            <summary>
            Note: This is invalid after the mesh changes!
            </summary>
        </member>
        <member name="T:VRageRender.Utils.MyWingedEdgeMesh.VertexEdgeEnumerator">
            <summary>
            Note: This is invalid after the mesh changes!
            </summary>
        </member>
        <member name="T:VRageRender.Utils.MyWingedEdgeMesh.FaceEdgeEnumerator">
            <summary>
            Note: This is invalid after the mesh changes!
            </summary>
        </member>
        <member name="T:VRageRender.Utils.MyWingedEdgeMesh.FaceVertexEnumerator">
            <summary>
            Note: This is invalid after the mesh changes!
            </summary>
        </member>
        <member name="T:VRageRender.Utils.MyWingedEdgeMesh.EdgeEnumerator">
            <summary>
            Note: This is invalid after the mesh changes!
            </summary>
        </member>
        <member name="M:VRageRender.Utils.MyWingedEdgeMesh.Copy">
            <summary>
            For testing purposes only! The copy is only a shallow copy (i.e. userdata is not copied)
            </summary>
        </member>
        <member name="M:VRageRender.Utils.MyWingedEdgeMesh.MakeEdgeFace(System.Int32,System.Int32,System.Int32,System.Int32,System.Object,System.Int32@)">
            <summary>
            Creates a new face by closing the gap between vertices vert1 and vert2 by a new edge
            </summary>
            <param name="vert1">Point that will be shared by the new edge and edge1</param>
            <param name="vert2">Point that will be shared by the new edge and edge2</param>
            <param name="edge1">Predecessor of the new edge</param>
            <param name="edge2">Successor of the new edge</param>
            <param name="faceUserData">User data for the newly created face</param>
        </member>
        <member name="M:VRageRender.Utils.MyWingedEdgeMesh.MergeEdges(System.Int32,System.Int32)">
            <summary>
            Merges two edges together into one. These edges have to border on the edge of the mesh (i.e. face -1)
            Note that this also merges the corresponding vertices!
            </summary>
            <param name="edge1">The edge that will be merged</param>
            <param name="edge2">The edge that will be kept</param>
        </member>
        <member name="M:VRageRender.Utils.MyWingedEdgeMesh.ExtrudeTriangleFromEdge(VRageMath.Vector3@,System.Int32,System.Object,System.Int32@,System.Int32@)">
            <summary>
            Creates a new triangle by adding a vertex to an existing edge
            </summary>
            <param name="newVertex">Position of the new vertex</param>
            <param name="edge">The edge from which we want to extrude</param>
            <param name="faceUserData">User data that will be saved in the face</param>
            <param name="newEdgeS">Index of the new edge that follows edge "edge" in the new triangle.</param>
            <param name="newEdgeP">Index of the new edge that precedes edge "edge" in the new triangle.</param>
            <returns></returns>
        </member>
        <member name="M:VRageRender.Utils.MyWingedEdgeMesh.MakeFace(System.Object,System.Int32)">
            <summary>
            Makes a face by filling in the empty edge loop incident to incidentEdge
            </summary>
            <param name="userData"></param>
            <param name="incidentEdge"></param>
            <returns></returns>
        </member>
        <member name="M:VRageRender.Utils.MyWingedEdgeMesh.SortFreeFaces">
            <summary>
            Sorts the list of free faces. This ensures that subsequent face allocations will return increasing sequence of face indices,
            unless interrupted by face deallocation. This can be useful in some algorithms that rely on ordering of the face indices.
            </summary>
        </member>
        <member name="M:VRageRender.Utils.MyWingedEdgeMesh.CheckFreeEntryConsistency">
            <summary>
            Checks for loops in the meshe's tables' freed entries
            </summary>
        </member>
        <member name="T:VRageRender.Voxels.IMyClipmap">
             <summary>
             Interface describing a clipmap.
            
             The clipmap is a class responsible for managing the visibility state of voxel objects.
             </summary>
        </member>
        <member name="P:VRageRender.Voxels.IMyClipmap.Cells">
            <summary>
            Provide an enumeration of all clipmap cells the clipmap deems visible.
            </summary>
        </member>
        <member name="P:VRageRender.Voxels.IMyClipmap.Actor">
             <summary>
             Get the actor bound to this clipmap if any.
            
             This reference may not be thread safe.
             </summary>
        </member>
        <member name="P:VRageRender.Voxels.IMyClipmap.Size">
            <summary>
            The size in voxels of this clipmap.
            </summary>
        </member>
        <member name="M:VRageRender.Voxels.IMyClipmap.Update(VRageMath.MatrixD@,VRageMath.BoundingFrustumD,System.Single)">
              <summary>
              Update cell visibility based on a view frustum.
            
              Cells visibility should be updated based on the view frustum.
              </summary>
             <param name="view">View matrix relative to the clipmap.</param>
             <param name="viewFrustum">The view frustum for the current camera.</param>
             <param name="farClipping">Distance to the far clipping plane from the view matrix.</param>
        </member>
        <member name="M:VRageRender.Voxels.IMyClipmap.BindToActor(VRageRender.Voxels.IMyVoxelActor)">
             <summary>
             Bind to the cell handler, which is the component responsible for creating cells on behalf of the clipmap.
             </summary>
            
             It should only be legal to provide the cell handler once to a clipmap. Any future calls should be met with <see cref="T:System.InvalidOperationException"/>
             <param name="actor">The cell handler to use for this clipmap.</param>
        </member>
        <member name="M:VRageRender.Voxels.IMyClipmap.Unload">
            <summary>
            Unload all data for this clipmap, this is only invoked at shutdown.
            </summary>
        </member>
        <member name="M:VRageRender.Voxels.IMyClipmap.InvalidateRange(VRageMath.Vector3I,VRageMath.Vector3I)">
            <summary>
            Let the clipmap know the provided range needs to be recalculated.
            </summary>
            <param name="min">min range in voxels</param>
            <param name="max">max range in voxels</param>
        </member>
        <member name="M:VRageRender.Voxels.IMyClipmap.InvalidateAll">
             <summary>
             Invalidate all data in the clipmap.
            
             This should not trigger recalculation immediately, that should happen upon the next update.
             </summary>
        </member>
        <member name="M:VRageRender.Voxels.IMyClipmap.DebugDraw">
             <summary>
             Debug draw the contents of the clipmap.
            
             For debug use only.
             </summary>
        </member>
        <member name="T:VRageRender.Voxels.IMyLodController">
             <summary>
             Interface describing a lod controller for a voxel object.
            
             The lod controller is a class responsible for managing the visibility state of voxel objects and their parts.
             </summary>
        </member>
        <member name="P:VRageRender.Voxels.IMyLodController.Cells">
            <summary>
            Provide an enumeration of all voxel cells the controller deems visible.
            </summary>
        </member>
        <member name="P:VRageRender.Voxels.IMyLodController.Actor">
             <summary>
             Get the actor bound to this clipmap if any.
            
             This reference may not be thread safe.
             </summary>
        </member>
        <member name="P:VRageRender.Voxels.IMyLodController.Size">
            <summary>
            The size in voxels of this voxel object.
            </summary>
        </member>
        <member name="E:VRageRender.Voxels.IMyLodController.Loaded">
            <summary>
            Event raised whenever the lod controller finishes updating all cells ton the current view.
            </summary>
        </member>
        <member name="M:VRageRender.Voxels.IMyLodController.Update(VRageMath.MatrixD@,VRageMath.BoundingFrustumD,System.Single,System.Boolean)">
             <summary>
             Update cell visibility based on a view frustum.
            
             Cells visibility should be updated based on the view frustum.
             </summary>
             <param name="view">View matrix relative to the clipmap.</param>
             <param name="viewFrustum">The view frustum for the current camera.</param>
             <param name="farClipping">Distance to the far clipping plane from the view matrix.</param>
             <param name="smoothMotion">Whether the camera motion is smooth or not. Affects how the updated view may draw it's meshes.</param>
        </member>
        <member name="M:VRageRender.Voxels.IMyLodController.BindToActor(VRageRender.Voxels.IMyVoxelActor)">
             <summary>
             Bind to the cell handler, which is the component responsible for creating cells on behalf of the clipmap.
             </summary>
            
             It should only be legal to provide the cell handler once to a clipmap. Any future calls should be met with <see cref="T:System.InvalidOperationException"/>
             <param name="actor">The cell handler to use for this clipmap.</param>
        </member>
        <member name="M:VRageRender.Voxels.IMyLodController.Unload">
            <summary>
            Unload all data for this clipmap, this is only invoked at shutdown.
            </summary>
        </member>
        <member name="M:VRageRender.Voxels.IMyLodController.InvalidateRange(VRageMath.Vector3I,VRageMath.Vector3I)">
            <summary>
            Let the clipmap know the provided range needs to be recalculated.
            </summary>
            <param name="min">min range in voxels</param>
            <param name="max">max range in voxels</param>
        </member>
        <member name="M:VRageRender.Voxels.IMyLodController.InvalidateAll">
             <summary>
             Invalidate all data in the clipmap.
            
             This should not trigger recalculation immediately, that should happen upon the next update.
             </summary>
        </member>
        <member name="M:VRageRender.Voxels.IMyLodController.DebugDraw(VRageMath.MatrixD@)">
             <summary>
             Debug draw the contents of the clipmap.
            
             For debug use only.
             </summary>
            <param name="cameraMatrix"></param>
        </member>
        <member name="T:VRageRender.Voxels.VisibilityChange">
            <summary>
            Signature for the event fired once the visibility of a voxel actor cell changes.
            </summary>
            <param name="offset">The cell's offset.</param>
            <param name="lod">The lod of the cell.</param>
            <param name="visible">Whether the cell if visible after the change.</param>
        </member>
        <member name="T:VRageRender.Voxels.MyVoxelActorTransitionMode">
            <summary>
            Specifies
            </summary>
        </member>
        <member name="T:VRageRender.Voxels.IMyVoxelActor">
             <summary>
             Defines a render actor for a voxel entity.
            
             Voxels entities differ from other entities in that they have multi-part meshes,
             where each part can be shown at different levels of detail.
            
             These parts are called cells or chunks.
             </summary>
        </member>
        <member name="P:VRageRender.Voxels.IMyVoxelActor.Id">
            <summary>
            Render Object Id for this actor.
            </summary>
        </member>
        <member name="P:VRageRender.Voxels.IMyVoxelActor.Size">
            <summary>
            Size in voxels of this actor.
            </summary>
        </member>
        <member name="P:VRageRender.Voxels.IMyVoxelActor.TransitionMode">
             <summary>
             Transition mode used for visibility changes to meshes in this clipmap.
            
             This will also affect cell updates.
             </summary>
             <remarks>
             It is an error to change the mode when there is an open batch.
             </remarks>
        </member>
        <member name="M:VRageRender.Voxels.IMyVoxelActor.CreateCell(VRageMath.Vector3D,System.Int32,System.Boolean)">
             <summary>
             Create a clipmap cell.
            
             Cell add event is fired once the cell is actually visible.
             </summary>
             <param name="offset">Offset of the mesh.</param>
             <param name="lod">Mesh lod, used to calculate scale.</param>
             <param name="notify">Whether to raise an event for this operation.</param>
             <returns></returns>
        </member>
        <member name="M:VRageRender.Voxels.IMyVoxelActor.DeleteCell(VRageRender.Voxels.IMyVoxelActorCell,System.Boolean)">
             <summary>
             Destroy a voxel cell in this actor.
            
             Once a the cell is no longer visible and the notify flag was set, the CellChange event is raised.
             </summary>
             <param name="cell">The cell to remove</param>
             <param name="notify">Whether to raise an event for this operation.</param>
        </member>
        <member name="M:VRageRender.Voxels.IMyVoxelActor.BeginBatch(System.Nullable{VRageRender.Voxels.MyVoxelActorTransitionMode})">
             <summary>
             Begin caching add/remove update operations.
            
             To dispatch them all at once call EndBatch();
             </summary>
             <param name="switchMode">Optionally switch into this transition mode before beginning the batch.</param>
        </member>
        <member name="M:VRageRender.Voxels.IMyVoxelActor.EndBatch(System.Boolean)">
            <summary>
            Dispatch all queued operations.
            </summary>
            <seealso cref="M:VRageRender.Voxels.IMyVoxelActor.BeginBatch(System.Nullable{VRageRender.Voxels.MyVoxelActorTransitionMode})"/>
        </member>
        <member name="P:VRageRender.Voxels.IMyVoxelActor.IsBatching">
            <summary>
            Whether this actor is currently batching cell changes.
            </summary>
        </member>
        <member name="E:VRageRender.Voxels.IMyVoxelActor.CellChange">
             <summary>
             Event fired when a cell is added or removed.
            
             The event is only fired when the operation is done (which could be asynchronous, but not on a different thread as the renderer).
            
             The event is only fired for operations that specify the notify flag = true.
             </summary>
        </member>
        <member name="E:VRageRender.Voxels.IMyVoxelActor.Move">
            <summary>
            Event  fired when the actor moves.
            </summary>
        </member>
        <member name="T:VRageRender.Voxels.IMyVoxelActorCell">
            <summary>
            Represents a chunk of voxel mesh in a voxel actor.
            </summary>
        </member>
        <member name="P:VRageRender.Voxels.IMyVoxelActorCell.Offset">
            <summary>
            Position and lod of this voxel cell.
            </summary>
        </member>
        <member name="P:VRageRender.Voxels.IMyVoxelActorCell.Lod">
            <summary>
            Lod index of this cell.
            </summary>
        </member>
        <member name="M:VRageRender.Voxels.IMyVoxelActorCell.UpdateMesh(VRageRender.Voxels.MyVoxelRenderCellData@,VRageRender.Voxels.IMyVoxelUpdateBatch@)">
            <summary>
            Update the mesh inside this voxel cell.
            </summary>
            <param name="data">Render data for the cell.</param>
        </member>
        <member name="M:VRageRender.Voxels.IMyVoxelActorCell.SetVisible(System.Boolean,System.Boolean)">
            <summary>
            Set the visibility of the cell. False means the cell will not be considered at all during rendering.
            </summary>
            <param name="visible">Wether the cell should be visible or not.</param>
            <param name="notify">Whther to raise the cell change event form the voxel actor after this visibility change is complete.</param>
        </member>
        <member name="P:VRageRender.Voxels.IMyVoxelActorCell.Visible">
            <summary>
            Weather this cell is visible or not.
            </summary>
        </member>
        <member name="F:VRageRender.Voxels.MyClipmap.EnableUpdate">
            <summary>
            Control whether clipmaps should be updated.
            </summary>
        </member>
        <member name="F:VRageRender.Voxels.MyClipmap.EnableDebugDraw">
            <summary>
            Control whether clipmap debug data is to be drawn on the screen.
            </summary>
        </member>
        <member name="F:VRageRender.Voxels.MyClipmap.LodCount">
            <summary>
            Count of clipmap lods.
            </summary>
        </member>
        <member name="F:VRageRender.Voxels.MyClipmap.LodColors">
            <summary>
            Mapping of lod index to it's preferred debug color.
            </summary>
        </member>
        <member name="T:VRageRender.Voxels.MyVoxelMeshPartIndex">
            <summary>
            Describes the start and cout of indices of a mesh part for the present materials.
            </summary>
        </member>
        <member name="F:VRageRender.Voxels.MyVoxelMeshPartIndex.Materials">
            <summary>
            Material triple for this part.
            </summary>
        </member>
        <member name="F:VRageRender.Voxels.MyVoxelMeshPartIndex.StartIndex">
            <summary>
            First index in this part.
            </summary>
        </member>
        <member name="F:VRageRender.Voxels.MyVoxelMeshPartIndex.IndexCount">
            <summary>
            Number of indices contained in this part.
            </summary>
        </member>
        <member name="F:VRageRender.Voxels.MyVoxelRenderCellData.Vertices">
            <summary>
            Complete list of vertices.
            </summary>
        </member>
        <member name="F:VRageRender.Voxels.MyVoxelRenderCellData.Normals">
            <summary>
            Complete list of normals.
            </summary>
        </member>
        <member name="F:VRageRender.Voxels.MyVoxelRenderCellData.Indices">
            <summary>
            Complete list of mesh indices.
            </summary>
        </member>
        <member name="F:VRageRender.Voxels.MyVoxelRenderCellData.Parts">
            <summary>
            List of mesh parts according to material separation.
            </summary>
        </member>
        <member name="F:VRageRender.Voxels.MyVoxelRenderCellData.CellBounds">
            <summary>
            Bounding box of the whole mesh.
            </summary>
        </member>
        <member name="F:VRageRender.Voxels.MyVoxelRenderCellData.VertexCount">
            <summary>
            Number of vertices in the cell data.
            </summary>
        </member>
        <member name="F:VRageRender.Voxels.MyVoxelRenderCellData.IndexCount">
            <summary>
            Number of indices in the cell data.
            </summary>
        </member>
        <member name="F:VRage.MyRenderFoliageData.FoliageEntry.Size">
            <summary>
            Absolute size of the blade.
            </summary>
        </member>
        <member name="F:VRage.MyRenderFoliageData.FoliageEntry.SizeVariation">
            <summary>
            Random variation ratio.
            </summary>
        </member>
        <member name="F:VRage.MyRenderFoliageData.FoliageEntry.ColorAlphaTexture">
            <summary>
            Color metal texture for this entry.
            </summary>
        </member>
        <member name="F:VRage.MyRenderFoliageData.FoliageEntry.NormalGlossTexture">
            <summary>
            Normal texture for this entry.
            </summary>
        </member>
        <member name="F:VRage.MyRenderFoliageData.FoliageEntry.Probability">
            <summary>
            Probability of this blade being displayed.
            </summary>
        </member>
        <member name="F:VRage.MyRenderFoliageData.Density">
            <summary>
            Density of the foliage in blades per sq metre.
            </summary>
        </member>
        <member name="F:VRage.MyRenderFoliageData.Type">
            <summary>
            Type of the foliage blade to generate.
            </summary>
        </member>
        <member name="F:VRage.MyRenderFoliageData.Entries">
            <summary>
            The possible grass blades.
            </summary>
        </member>
        <member name="T:VRage.MyFoliageType">
            <summary>
            Supported foliage types.
            </summary>
        </member>
        <member name="F:VRage.Render.MyAlphaTransitionDirection.FadeIn">
            <summary>
            The object fades in (0 to 1).
            </summary>
        </member>
        <member name="F:VRage.Render.MyAlphaTransitionDirection.FadeOut">
            <summary>
            The object fades out (1 to  0).
            </summary>
        </member>
        <member name="P:VRage.Render.Particles.MyParticleGPUGenerationData.ArraySize">
            <summary>
            Public members to easy access
            </summary>
        </member>
        <member name="P:VRage.Render.Particles.MyParticleLightData.Position">
            <summary>
            Public members to easy access
            </summary>
        </member>
    </members>
</doc>
